{"cameraMode":{"drawMode":0,"name":"Shaded","section":"Shading Mode"},"sceneLighting":false,"audioPlay":false,"sceneViewState":{"showFog":false,"showMaterialUpdate":false,"showSkybox":false,"showFlares":false,"showImageEffects":false,"showParticleSystems":false},"in2DMode":false,"pivot":{"x":5.585453510284424,"y":1.8604426383972169,"z":3.745025157928467},"rotation":{"x":0.041816700249910358,"y":-0.785045325756073,"z":0.05331538990139961,"w":0.6157269477844238},"size":3.168114423751831,"orthographic":false}