{"cameraMode":{"drawMode":2,"name":"Shaded Wireframe","section":"Shading Mode"},"sceneLighting":true,"audioPlay":false,"sceneViewState":{"showFog":false,"showMaterialUpdate":false,"showSkybox":true,"showFlares":false,"showImageEffects":false,"showParticleSystems":false},"in2DMode":false,"pivot":{"x":47.11211395263672,"y":-13.714787483215332,"z":53.8991584777832},"rotation":{"x":0.12456443905830383,"y":0.3988017737865448,"z":-0.05477704852819443,"w":0.9068851470947266},"size":48.783077239990237,"orthographic":false}